INSERT INTO NHANVIEN (MANHANVIEN, TENNHANVIEN, GIOITINH, DIACHI, DIENTHOAI, NGAYSINH)
VALUES
    (001, N'Nguyễn Văn A', N'Nam', N'123 Đường A, HCM', '0123456789', '1990-05-20'),
    (002, N'Trần Thị B', N'Nữ', N'456 Đường B, HN', '0987654321', '1985-10-15'),
    (003, N'Lê Văn C', N'Nam', N'789 Đường C, ĐN', '0369852147', '1988-12-30'),
    (004, N'Phạm Thị D', N'Nữ', N'101 Đường D, HCM', '0123456789', '1992-08-25'),
    (005, N'Hoàng Văn E', N'Nam', N'202 Đường E, HN', '0987654321', '1987-03-18'),
    (006, N'Đặng Thị F', N'Nữ', N'303 Đường F, ĐN', '0369852147', '1995-06-12'),
    (007, N'Vũ Văn G', N'Nam', N'404 Đường G, HCM', '0123456789', '1989-11-05'),
    (008, N'Nguyễn Thị H', N'Nữ', N'505 Đường H, HN', '0987654321', '1984-04-28'),
    (009, N'Trần Văn I', N'Nam', N'606 Đường I, ĐN', '0369852147', '1993-09-22'),
    (0010, N'Lê Thị K', N'Nữ', N'707 Đường K, HCM', '0123456789', '1997-02-15'),
    (0011, N'Phan Văn L', N'Nam', N'808 Đường L, HN', '0987654321', '1983-07-10'),
    (0012, N'Trương Thị M', N'Nữ', N'909 Đường M, ĐN', '0369852147', '1991-12-03'),
    (0013, N'Hoàng Văn N', N'Nam', N'1010 Đường N, HCM', '0123456789', '1986-05-26'),
    (0014, N'Nguyễn Thị P', N'Nữ', N'1111 Đường P, HN', '0987654321', '1981-10-20'),
    (0015, N'Lê Văn Q', N'Nam', N'1212 Đường Q, ĐN', '0369852147', '1994-03-14'),
    (0016, N'Trần Thị R', N'Nữ', N'1313 Đường R, HCM', '0123456789', '1980-06-07'),
    (0017, N'Vũ Văn S', N'Nam', N'1414 Đường S, HN', '0987654321', '1988-01-30'),
    (0018, N'Nguyễn Thị T', N'Nữ', N'1515 Đường T, ĐN', '0369852147', '1996-04-23'),
    (0019, N'Phạm Văn U', N'Nam', N'1616 Đường U, HCM', '0123456789', '1982-09-17'),
    (0020, N'Lê Thị V', N'Nữ', N'1717 Đường V, HN', '0987654321', '1989-12-10');

INSERT INTO CHATLIEU (MACHATLIEU, TENCHATLIEU)
VALUES
    (101, N'Gỗ tự nhiên'),
    (102, N'Gỗ công nghiệp'),
    (103, N'MDF'),
    (104, N'Da tự nhiên'),
    (105, N'Da tổng hợp'),
    (106, N'Nhựa'),
    (107, N'Kim loại'),
    (108, N'Kính');

	INSERT INTO KHACH (MAKHACH, TENKHACH, DIACHI, DIENTHOAI)
VALUES
    (20220401, N'Nguyễn Thị Ánh', N'123 Đường A, HCM', '0123456789'),
    (20220402, N'Trần Văn Bình', N'456 Đường B, HN', '0987654321'),
    (20220403, N'Lê Thị Chinh', N'789 Đường C, ĐN', '0369852147'),
    (20220404, N'Phạm Văn Đạt', N'101 Đường D, HCM', '0123456789'),
    (20220405, N'Hồ Thị Em', N'202 Đường E, HN', '0987654321'),
    (20220406, N'Đặng Văn Hậu', N'303 Đường F, ĐN', '0369852147'),
    (20220407, N'Vũ Thị Giang', N'404 Đường G, HCM', '0123456789'),
    (20220408, N'Nguyễn Văn Hùng', N'505 Đường H, HN', '0987654321'),
    (20220409, N'Trần Thị Lan', N'606 Đường I, ĐN', '0369852147'),
    (20220410, N'Lê Văn Mạnh', N'707 Đường K, HCM', '0123456789'),
    (20220411, N'Phan Thị Ngọc', N'808 Đường L, HN', '0987654321'),
    (20220412, N'Trương Văn Quân', N'909 Đường M, ĐN', '0369852147'),
    (20220413, N'Hoàng Thị Thu', N'1010 Đường N, HCM', '0123456789'),
    (20220414, N'Nguyễn Văn Trung', N'1111 Đường P, HN', '0987654321'),
    (20220415, N'Phạm Thị Lan Anh', N'1212 Đường Q, ĐN', '0369852147'),
    (20220416, N'Trần Văn Bảo', N'1313 Đường R, HCM', '0123456789'),
    (20220417, N'Lê Thị Thanh', N'1414 Đường S, HN', '0987654321'),
    (20220418, N'Vũ Văn Nam', N'1515 Đường T, ĐN', '0369852147'),
    (20220419, N'Nguyễn Thị Hải Yến', N'1616 Đường U, HCM', '0123456789'),
    (20220420, N'Lê Thị Minh Anh', N'1717 Đường V, HN', '0987654321'),
    (20220421, N'Hoàng Văn Phúc', N'1818 Đường X, ĐN', '0369852147'),
    (20220422, N'Trần Thị Thu', N'1919 Đường Y, HCM', '0123456789'),
    (20220423, N'Lê Văn Dương', N'2020 Đường Z, HN', '0987654321'),
    (20220424, N'Nguyễn Thị Tú', N'2121 Đường W, ĐN', '0369852147'),
    (20220425, N'Phạm Văn Tuấn', N'2222 Đường V, HCM', '0123456789'),
    (20220426, N'Trần Thị Hồng', N'2323 Đường U, HN', '0987654321'),
    (20220427, N'Lê Văn Hòa', N'2424 Đường T, ĐN', '0369852147'),
    (20220428, N'Nguyễn Thị Hằng', N'2525 Đường S, HCM', '0123456789'),
    (20220429, N'Trần Văn Hưng', N'2626 Đường R, HN', '0987654321'),
    (20220430, N'Lê Thị Mai', N'2727 Đường Q, ĐN', '0369852147'),
    (20220431, N'Phạm Văn Đông', N'2828 Đường P, HCM', '0123456789'),
    (20220432, N'Trần Thị Hương', N'2929 Đường O, HN', '0987654321'),
    (20220433, N'Lê Văn Sơn', N'3030 Đường N, ĐN', '0369852147'),
    (20220434, N'Nguyễn Thị Hoa', N'3131 Đường M, HCM', '0123456789'),
    (20220435, N'Trần Văn Tiến', N'3232 Đường L, HN', '0987654321'),
    (20220436, N'Lê Thị Hạnh', N'3333 Đường K, ĐN', '0369852147'),
    (20220437, N'Phạm Văn Đức', N'3434 Đường J, HCM', '0123456789'),
    (20220438, N'Trần Thị Hoài', N'3535 Đường I, HN', '0987654321'),
    (20220439, N'Lê Văn Hưng', N'3636 Đường H, ĐN', '0369852147'),
    (20220440, N'Nguyễn Thị Thùy', N'3737 Đường G, HCM', '0123456789'),
    (20220441, N'Trần Văn Tâm', N'3838 Đường F, HN', '0987654321'),
    (20220442, N'Lê Thị Thu', N'3939 Đường E, ĐN', '0369852147'),
    (20220443, N'Phạm Văn Minh', N'4040 Đường D, HCM', '0123456789'),
    (20220444, N'Trần Thị Dung', N'4141 Đường C, HN', '0987654321'),
    (20220445, N'Lê Văn Tân', N'4242 Đường B, ĐN', '0369852147'),
    (20220446, N'Nguyễn Thị Hoàng', N'4343 Đường A, HCM', '0123456789'),
    (20220447, N'Trần Văn Hiếu', N'4444 Đường A, HN', '0987654321'),
    (20220448, N'Lê Thị Lan', N'4545 Đường B, ĐN', '0369852147'),
    (20220449, N'Phạm Văn Hiệp', N'4646 Đường C, HCM', '0123456789'),
    (20220450, N'Trần Thị Hà', N'4747 Đường D, HN', '0987654321');

	INSERT INTO HANG (MAHANG, TENHANG, MACHATLIEU, SOLUONG, DONGIANHAP, DONGIABAN, ANH, GHICHU)
VALUES
    (10101, N'Ghế Sofa', 101, 100, 5000000, 8000000, N'sofa.jpg', N'Ghế sofa hiện đại'),
    (10201, N'Bàn trà gỗ', 102, 150, 2000000, 3500000, N'ban-tra-go.jpg', N'Bàn trà gỗ sồi'),
    (10301, N'Giường ngủ gỗ', 103, 120, 2500000, 4000000, N'giuong-ngu-go.jpg', N'Giường ngủ gỗ tự nhiên'),
    (10401, N'Ghế ăn gỗ', 104, 100, 2500000, 4000000, N'ghe-an-go.jpg', N'Ghế ăn gỗ tự nhiên'),
    (10501, N'Bàn làm việc gỗ', 105, 80, 3000000, 5000000, N'ban-lam-viec-go.jpg', N'Bàn làm việc gỗ tự nhiên'),
    (10601, N'Tủ quần áo gỗ', 106, 150, 4000000, 6000000, N'tu-quan-ao-go.jpg', N'Tủ quần áo gỗ tự nhiên'),
    (10701, N'Kệ TV gỗ', 107, 90, 3000000, 5000000, N'ke-tv-go.jpg', N'Kệ trưng bày TV gỗ'),
    (10801, N'Bàn trang điểm gỗ', 108, 120, 2000000, 3500000, N'ban-trang-diem-go.jpg', N'Bàn trang điểm gỗ tự nhiên'),
    (10102, N'Ghế Sofa da', 101, 100, 8000000, 12000000, N'sofa-da.jpg', N'Ghế Sofa da cao cấp'),
    (10202, N'Bàn trà mặt kính', 102, 120, 3500000, 6000000, N'ban-tra-mat-kinh.jpg', N'Bàn trà mặt kính chịu lực tốt'),
    (10302, N'Giường ngủ bọc da', 103, 80, 6000000, 9000000, N'giuong-ngu-boc-da.jpg', N'Giường ngủ bọc da chất lượng cao'),
    (10402, N'Ghế ăn nhựa', 104, 150, 1000000, 2000000, N'ghe-an-nhua.jpg', N'Ghế ăn nhựa siêu bền'),
    (10502, N'Bàn làm việc nhựa', 105, 100, 1500000, 3000000, N'ban-lam-viec-nhua.jpg', N'Bàn làm việc nhựa chịu lực'),
    (10602, N'Tủ quần áo kim loại', 106, 120, 5000000, 8000000, N'tu-quan-ao-kim-loai.jpg', N'Tủ quần áo kim loại chắc chắn'),
    (10702, N'Kệ TV kính', 107, 80, 4000000, 7000000, N'ke-tv-kinh.jpg', N'Kệ trưng bày TV kính hiện đại'),
    (10802, N'Bàn trang điểm đá', 108, 100, 7000000, 11000000, N'ban-trang-diem-da.jpg', N'Bàn trang điểm đá tự nhiên'),
    (10103, N'Ghế Sofa nhựa', 101, 120, 2000000, 3500000, N'sofa-nhua.jpg', N'Ghế Sofa nhựa cao cấp'),
    (10203, N'Bàn trà nhựa', 102, 100, 1000000, 2000000, N'ban-tra-nhua.jpg', N'Bàn trà nhựa tiện lợi'),
    (10303, N'Giường ngủ nhựa', 103, 150, 1500000, 2500000, N'giuong-ngu-nhua.jpg', N'Giường ngủ nhựa chắc chắn'),
    (10403, N'Ghế ăn kim loại', 104, 120, 3000000, 5000000, N'ghe-an-kim-loai.jpg', N'Ghế ăn kim loại cao cấp'),
    (10503, N'Bàn làm việc kim loại', 105, 80, 2500000, 4000000, N'ban-lam-viec-kim-loai.jpg', N'Bàn làm việc kim loại chất lượng'),
    (10603, N'Tủ quần áo nhựa', 106, 100, 2000000, 3500000, N'tu-quan-ao-nhua.jpg', N'Tủ quần áo nhựa chắc chắn'),
    (10703, N'Kệ TV gỗ tự nhiên', 107, 120, 4000000, 7000000, N'ke-tv-go-tu-nhien.jpg', N'Kệ trưng bày TV gỗ tự nhiên cao cấp'),
    (10803, N'Bàn trang điểm nhựa', 108, 150, 3000000, 5000000, N'ban-trang-diem-nhua.jpg', N'Bàn trang điểm nhựa chất lượng'),
    (10104, N'Ghế Sofa gỗ tự nhiên', 101, 90, 6000000, 9000000, N'sofa-go-tu-nhien.jpg', N'Ghế Sofa gỗ tự nhiên cao cấp'),
    (10204, N'Bàn trà gỗ tự nhiên', 102, 100, 3000000, 5000000, N'ban-tra-go-tu-nhien.jpg', N'Bàn trà gỗ tự nhiên chất lượng'),
    (10304, N'Giường ngủ gỗ tự nhiên', 103, 150, 4000000, 7000000, N'giuong-ngu-go-tu-nhien.jpg', N'Giường ngủ gỗ tự nhiên cao cấp'),
    (10404, N'Ghế ăn gỗ tự nhiên', 104, 120, 3500000, 6000000, N'ghe-an-go-tu-nhien.jpg', N'Ghế ăn gỗ tự nhiên chất lượng'),
    (10504, N'Bàn làm việc gỗ tự nhiên', 105, 100, 4000000, 7000000, N'ban-lam-viec-go-tu-nhien.jpg', N'Bàn làm việc gỗ tự nhiên chất lượng'),
    (10604, N'Tủ quần áo gỗ tự nhiên', 106, 120, 5000000, 8000000, N'tu-quan-ao-go-tu-nhien.jpg', N'Tủ quần áo gỗ tự nhiên cao cấp'),
    (10704, N'Kệ TV gỗ tự nhiên', 107, 90, 4500000, 7500000, N'ke-tv-go-tu-nhien.jpg', N'Kệ trưng bày TV gỗ tự nhiên cao cấp'),
    (10804, N'Bàn trang điểm gỗ tự nhiên', 108, 80, 3000000, 5000000, N'ban-trang-diem-go-tu-nhien.jpg', N'Bàn trang điểm gỗ tự nhiên chất lượng'),
    (10105, N'Ghế Sofa gỗ công nghiệp', 101, 100, 4000000, 7000000, N'sofa-go-cong-nghiep.jpg', N'Ghế Sofa gỗ công nghiệp cao cấp'),
    (10205, N'Bàn trà gỗ công nghiệp', 102, 120, 2500000, 4000000, N'ban-tra-go-cong-nghiep.jpg', N'Bàn trà gỗ công nghiệp chất lượng'),
    (10305, N'Giường ngủ gỗ công nghiệp', 103, 100, 3000000, 5000000, N'giuong-ngu-go-cong-nghiep.jpg', N'Giường ngủ gỗ công nghiệp cao cấp'),
    (10405, N'Ghế ăn gỗ công nghiệp', 104, 150, 3500000, 6000000, N'ghe-an-go-cong-nghiep.jpg', N'Ghế ăn gỗ công nghiệp chất lượng'),
    (10505, N'Bàn làm việc gỗ công nghiệp', 105, 80, 3000000, 5000000, N'ban-lam-viec-go-cong-nghiep.jpg', N'Bàn làm việc gỗ công nghiệp chất lượng'),
    (10605, N'Tủ quần áo gỗ công nghiệp', 106, 120, 4000000, 7000000, N'tu-quan-ao-go-cong-nghiep.jpg', N'Tủ quần áo gỗ công nghiệp cao cấp'),
    (10705, N'Kệ TV gỗ công nghiệp', 107, 90, 3500000, 6000000, N'ke-tv-go-cong-nghiep.jpg', N'Kệ trưng bày TV gỗ công nghiệp'),
    (10805, N'Bàn trang điểm gỗ công nghiệp', 108, 100, 2500000, 4000000, N'ban-trang-diem-go-cong-nghiep.jpg', N'Bàn trang điểm gỗ công nghiệp chất lượng');

	INSERT INTO HDBAN (MAHDBAN, MANHANVIEN, NGAYBAN, MAKHACH, TONGTIEN)
VALUES
    (202204010001, 001, '2022-04-01 08:30', 20220401, 5000000),
    (202204020002, 002, '2022-04-02 09:45', 20220402, 7000000),
    (202204030003, 003, '2022-04-03 10:20', 20220403, 6000000),
    (202204040004, 004, '2022-04-04 11:15', 20220404, 8000000),
    (202204050005, 005, '2022-04-05 13:00', 20220405, 5500000),
    (202204060006, 006, '2022-04-06 14:25', 20220406, 6500000),
    (202204070007, 007, '2022-04-07 16:40', 20220407, 7500000),
    (202204080008, 008, '2022-04-08 17:55', 20220408, 9000000),
    (202204090009, 009, '2022-04-09 18:30', 20220409, 6200000),
    (202204100010, 010, '2022-04-10 19:45', 20220410, 7200000),
    (202204110011, 011, '2022-04-11 20:20', 20220411, 8200000),
    (202204120012, 012, '2022-04-12 21:15', 20220412, 9500000),
    (202204130013, 013, '2022-04-13 22:00', 20220413, 6300000),
    (202204140014, 014, '2022-04-14 08:30', 20220414, 7200000),
    (202204150015, 015, '2022-04-15 09:45', 20220415, 8500000),
    (202204160016, 016, '2022-04-16 10:20', 20220416, 9300000),
    (202204170017, 017, '2022-04-17 11:15', 20220417, 7700000),
    (202204180018, 018, '2022-04-18 13:00', 20220418, 6400000),
    (202204190019, 019, '2022-04-19 14:25', 20220419, 7600000),
    (202204200020, 020, '2022-04-20 16:40', 20220420, 8200000),
    (202204210021, 001, '2022-04-21 17:55', 20220421, 9200000),
    (202204220022, 002, '2022-04-22 18:30', 20220422, 6000000),
    (202204230023, 003, '2022-04-23 19:45', 20220423, 7800000),
    (202204240024, 004, '2022-04-24 20:20', 20220424, 6900000),
    (202204250025, 005, '2022-04-25 21:15', 20220425, 8400000),
    (202204260026, 006, '2022-04-26 22:00', 20220426, 9500000),
    (202204270027, 007, '2022-04-27 08:30', 20220427, 7200000),
    (202204280028, 008, '2022-04-28 09:45', 20220428, 8700000),
    (202204290029, 009, '2022-04-29 10:20', 20220429, 9400000),
    (202204300030, 010, '2022-04-30 11:15', 20220430, 7200000),
    (202204310031, 011, '2022-05-01 13:00', 20220501, 8800000),
    (202204320032, 012, '2022-05-02 14:25', 20220502, 9200000),
    (202204330033, 013, '2022-05-03 16:40', 20220503, 7600000),
    (202204340034, 014, '2022-05-04 17:55', 20220504, 8900000),
    (202204350035, 015, '2022-05-05 18:30', 20220505, 9400000),
    (202204360036, 016, '2022-05-06 19:45', 20220506, 7800000),
    (202204370037, 017, '2022-05-07 20:20', 20220507, 8500000),
    (202204380038, 018, '2022-05-08 21:15', 20220508, 9200000),
    (202204390039, 019, '2022-05-09 22:00', 20220509, 7500000),
    (202204400040, 020, '2022-05-10 08:30', 20220510, 8300000),
    (202204410041, 001, '2022-05-11 09:45', 20220511, 9200000),
    (202204420042, 002, '2022-05-12 10:20', 20220512, 7800000),
    (202204430043, 003, '2022-05-13 11:15', 20220513, 8500000),
    (202204440044, 004, '2022-05-14 13:00', 20220514, 9200000),
    (202204450045, 005, '2022-05-15 14:25', 20220515, 7800000),
    (202204460046, 006, '2022-05-16 16:40', 20220516, 8600000),
    (202204470047, 007, '2022-05-17 17:55', 20220517, 9200000),
    (202204480048, 008, '2022-05-18 18:30', 20220518, 7800000),
    (202204490049, 009, '2022-05-19 19:45', 20220519, 8500000),
    (202204500050, 010, '2022-05-20 20:20', 20220520, 9200000);

	INSERT INTO CHITIETHDBAN (ID, MAHDBAN, MAHANG, SOLUONG, DONGIA, GIAMGIA, THANHTIEN)
VALUES
    (201001, 202204010001, 101101, 5, 500000, 0, 2500000),
    (201002, 202204010001, 102102, 3, 700000, 0, 2100000),
    (201003, 202204020002, 103103, 2, 600000, 0, 1200000),
    (201004, 202204020002, 104104, 4, 800000, 0, 3200000),
    (201005, 202204030003, 105105, 6, 550000, 0, 3300000),
    (201006, 202204030003, 106106, 1, 650000, 0, 650000),
    (201007, 202204040004, 107107, 8, 750000, 0, 6000000),
    (201008, 202204040004, 108108, 3, 900000, 0, 2700000),
    (201009, 202204050005, 101101, 4, 620000, 0, 2480000),
    (201010, 202204050005, 102102, 2, 720000, 0, 1440000),
    (201011, 202204060006, 103103, 3, 820000, 0, 2460000),
    (201012, 202204060006, 104104, 5, 950000, 0, 4750000),
    (201013, 202204070007, 105105, 2, 630000, 0, 1260000),
    (201014, 202204070007, 106106, 6, 720000, 0, 4320000),
    (201015, 202204080008, 107107, 3, 850000, 0, 2550000),
    (201016, 202204080008, 108108, 4, 930000, 0, 3720000),
    (201017, 202204090009, 101101, 7, 770000, 0, 5390000),
    (201018, 202204090009, 102102, 1, 640000, 0, 640000),
    (201019, 202204100010, 103103, 3, 760000, 0, 2280000),
    (201020, 202204100010, 104104, 4, 880000, 0, 3520000),
    (201021, 202204110011, 105105, 5, 920000, 0, 4600000),
    (201022, 202204110011, 106106, 2, 630000, 0, 1260000),
    (201023, 202204120012, 107107, 4, 720000, 0, 2880000),
    (201024, 202204120012, 108108, 3, 850000, 0, 2550000),
    (201025, 202204130013, 101101, 6, 920000, 0, 5520000),
    (201026, 202204130013, 102102, 1, 780000, 0, 780000),
    (201027, 202204140014, 103103, 3, 850000, 0, 2550000),
    (201028, 202204140014, 104104, 4, 940000, 0, 3760000),
    (201029, 202204150015, 105105, 5, 720000, 0, 3600000),
    (201030, 202204150015, 106106, 2, 860000, 0, 1720000),
    (201031, 202204160016, 107107, 4, 920000, 0, 3680000),
    (201032, 202204160016, 108108, 3, 780000, 0, 2340000),
    (201033, 202204170017, 101101, 5, 930000, 0, 4650000),
    (201034, 202204170017, 102102, 2, 760000, 0, 1520000),
    (201035, 202204180018, 103103, 3, 890000, 0, 2670000),
    (201036, 202204180018, 104104, 6, 940000, 0, 5640000),
    (201037, 202204190019, 105105, 1, 780000, 0, 780000),
    (201038, 202204190019, 106106, 4, 850000, 0, 3400000),
    (201039, 202204200020, 107107, 5, 920000, 0, 4600000),
    (201040, 202204200020, 108108, 2, 830000, 0, 1660000),
    (201041, 202204210021, 101101, 3, 920000, 0, 2760000),
    (201042, 202204210021, 102102, 7, 780000, 0, 5460000),
    (201043, 202204220022, 103103, 2, 850000, 0, 1700000),
    (201044, 202204220022, 104104, 5, 920000, 0, 4600000),
    (201045, 202204230023, 105105, 4, 780000, 0, 3120000),
    (201046, 202204230023, 106106, 3, 860000, 0, 2580000),
    (201047, 202204240024, 107107, 1, 920000, 0, 920000),
    (201048, 202204240024, 108108, 5, 780000, 0, 3900000),
    (201049, 202204250025, 101101, 4, 930000, 0, 3720000),
    (201050, 202204250025, 102102, 3, 760000, 0, 2280000);
